suite,scenario,qid,expansion_id,dim,n_tb1_nodes,distance_ns
exact_match,1pct_e8,0,0,128,3,267
exact_match,1pct_e8,0,1,128,6,316
exact_match,1pct_e8,0,2,128,3,349
exact_match,1pct_e8,0,4,128,5,194
exact_match,1pct_e8,0,5,128,2,124
exact_match,1pct_e8,0,7,128,2,119
exact_match,1pct_e8,0,11,128,2,123
exact_match,1pct_e8,0,12,128,2,115
exact_match,1pct_e8,0,13,128,6,257
exact_match,1pct_e8,0,16,128,5,217
exact_match,1pct_e8,0,17,128,3,153
exact_match,1pct_e8,0,18,128,19,638
exact_match,1pct_e8,0,19,128,6,275
exact_match,1pct_e8,0,21,128,9,337
exact_match,1pct_e8,0,23,128,2,132
exact_match,1pct_e8,0,24,128,10,384
exact_match,1pct_e8,0,26,128,6,211
exact_match,1pct_e8,0,32,128,5,214
exact_match,1pct_e8,0,33,128,4,185
exact_match,1pct_e8,0,39,128,3,146
exact_match,1pct_e8,0,46,128,4,202
exact_match,1pct_e8,0,50,128,4,190
exact_match,1pct_e8,1,0,128,8,810
exact_match,1pct_e8,1,1,128,5,489
exact_match,1pct_e8,1,3,128,3,330
exact_match,1pct_e8,1,4,128,6,571
exact_match,1pct_e8,1,5,128,4,441
exact_match,1pct_e8,1,6,128,6,553
exact_match,1pct_e8,1,7,128,14,1404
exact_match,1pct_e8,1,9,128,7,515
exact_match,1pct_e8,1,10,128,3,388
exact_match,1pct_e8,1,12,128,4,664
exact_match,1pct_e8,1,14,128,5,446
exact_match,1pct_e8,1,15,128,4,397
exact_match,1pct_e8,1,20,128,5,494
exact_match,1pct_e8,1,21,128,6,386
exact_match,1pct_e8,1,22,128,7,714
exact_match,1pct_e8,1,32,128,4,404
exact_match,1pct_e8,1,34,128,10,789
exact_match,1pct_e8,1,36,128,5,542
exact_match,1pct_e8,1,40,128,6,502
exact_match,1pct_e8,1,41,128,12,1007
exact_match,1pct_e8,1,46,128,13,1144
exact_match,1pct_e8,2,0,128,2,307
exact_match,1pct_e8,2,1,128,7,780
exact_match,1pct_e8,2,2,128,1,114
exact_match,1pct_e8,2,3,128,5,514
exact_match,1pct_e8,2,4,128,2,382
exact_match,1pct_e8,2,5,128,8,903
exact_match,1pct_e8,2,6,128,7,690
exact_match,1pct_e8,2,7,128,5,510
exact_match,1pct_e8,2,10,128,5,651
exact_match,1pct_e8,2,14,128,5,540
exact_match,1pct_e8,2,16,128,3,318
exact_match,1pct_e8,2,18,128,2,422
exact_match,1pct_e8,2,21,128,3,478
exact_match,1pct_e8,2,46,128,4,342
exact_match,1pct_e8,2,73,128,4,288
exact_match,1pct_e8,2,102,128,5,559
exact_match,1pct_e8,3,0,128,6,497
exact_match,1pct_e8,3,1,128,3,388
exact_match,1pct_e8,3,3,128,5,309
exact_match,1pct_e8,3,6,128,5,255
exact_match,1pct_e8,3,7,128,5,256
exact_match,1pct_e8,3,8,128,2,131
exact_match,1pct_e8,3,12,128,3,330
exact_match,1pct_e8,3,14,128,1,101
exact_match,1pct_e8,3,15,128,9,341
exact_match,1pct_e8,3,23,128,4,258
exact_match,1pct_e8,3,26,128,4,339
exact_match,1pct_e8,3,29,128,3,337
exact_match,1pct_e8,3,44,128,3,377
exact_match,1pct_e8,3,45,128,3,303
exact_match,1pct_e8,3,51,128,9,344
exact_match,1pct_e8,3,56,128,6,503
exact_match,1pct_e8,3,119,128,3,199
exact_match,1pct_e8,3,147,128,2,291
exact_match,1pct_e8,4,0,128,4,452
exact_match,1pct_e8,4,1,128,7,615
exact_match,1pct_e8,4,2,128,3,401
exact_match,1pct_e8,4,3,128,6,641
exact_match,1pct_e8,4,4,128,5,509
exact_match,1pct_e8,4,5,128,7,653
exact_match,1pct_e8,4,6,128,3,275
exact_match,1pct_e8,4,8,128,9,978
exact_match,1pct_e8,4,9,128,14,1486
exact_match,1pct_e8,4,13,128,3,319
exact_match,1pct_e8,4,15,128,6,555
exact_match,1pct_e8,4,17,128,5,437
exact_match,1pct_e8,4,18,128,6,541
exact_match,1pct_e8,4,19,128,5,414
exact_match,1pct_e8,4,28,128,11,792
exact_match,1pct_e8,4,88,128,2,401
exact_match,1pct_e8,4,101,128,7,542
exact_match,1pct_e8,4,110,128,1,227
exact_match,1pct_e8,4,121,128,1,185
exact_match,1pct_e8,4,137,128,3,388
exact_match,1pct_e8,5,0,128,5,417
exact_match,1pct_e8,5,1,128,4,402
exact_match,1pct_e8,5,2,128,6,664
exact_match,1pct_e8,5,3,128,9,899
exact_match,1pct_e8,5,4,128,3,315
exact_match,1pct_e8,5,5,128,3,396
exact_match,1pct_e8,5,6,128,6,468
exact_match,1pct_e8,5,7,128,5,584
exact_match,1pct_e8,5,9,128,19,1401
exact_match,1pct_e8,5,10,128,8,718
exact_match,1pct_e8,5,12,128,7,586
exact_match,1pct_e8,5,13,128,3,316
exact_match,1pct_e8,5,19,128,7,568
exact_match,1pct_e8,5,25,128,4,312
exact_match,1pct_e8,5,26,128,5,371
exact_match,1pct_e8,5,29,128,12,1299
exact_match,1pct_e8,5,46,128,6,554
exact_match,1pct_e8,5,50,128,8,616
exact_match,1pct_e8,6,0,128,4,555
exact_match,1pct_e8,6,1,128,3,343
exact_match,1pct_e8,6,2,128,4,467
exact_match,1pct_e8,6,3,128,6,568
exact_match,1pct_e8,6,4,128,5,450
exact_match,1pct_e8,6,6,128,4,436
exact_match,1pct_e8,6,8,128,4,326
exact_match,1pct_e8,6,9,128,8,548
exact_match,1pct_e8,6,10,128,5,453
exact_match,1pct_e8,6,11,128,8,542
exact_match,1pct_e8,6,12,128,6,583
exact_match,1pct_e8,6,13,128,8,560
exact_match,1pct_e8,6,14,128,5,534
exact_match,1pct_e8,6,15,128,3,411
exact_match,1pct_e8,6,17,128,6,583
exact_match,1pct_e8,6,24,128,6,564
exact_match,1pct_e8,6,25,128,4,240
exact_match,1pct_e8,6,32,128,7,648
exact_match,1pct_e8,6,43,128,5,554
exact_match,1pct_e8,6,52,128,5,473
exact_match,1pct_e8,6,65,128,8,656
exact_match,1pct_e8,7,0,128,4,399
exact_match,1pct_e8,7,1,128,2,294
exact_match,1pct_e8,7,2,128,2,384
exact_match,1pct_e8,7,3,128,3,354
exact_match,1pct_e8,7,4,128,8,645
exact_match,1pct_e8,7,5,128,12,1061
exact_match,1pct_e8,7,6,128,4,463
exact_match,1pct_e8,7,7,128,5,607
exact_match,1pct_e8,7,8,128,3,306
exact_match,1pct_e8,7,9,128,3,211
exact_match,1pct_e8,7,10,128,5,525
exact_match,1pct_e8,7,11,128,3,300
exact_match,1pct_e8,7,13,128,7,655
exact_match,1pct_e8,7,21,128,5,371
exact_match,1pct_e8,7,28,128,4,334
exact_match,1pct_e8,7,46,128,2,255
exact_match,1pct_e8,7,53,128,5,381
exact_match,1pct_e8,7,55,128,4,362
exact_match,1pct_e8,7,106,128,5,543
exact_match,1pct_e8,7,211,128,2,231
exact_match,1pct_e8,8,0,128,5,541
exact_match,1pct_e8,8,1,128,4,465
exact_match,1pct_e8,8,2,128,3,343
exact_match,1pct_e8,8,3,128,13,973
exact_match,1pct_e8,8,5,128,5,482
exact_match,1pct_e8,8,6,128,5,364
exact_match,1pct_e8,8,7,128,7,505
exact_match,1pct_e8,8,8,128,6,581
exact_match,1pct_e8,8,9,128,5,613
exact_match,1pct_e8,8,15,128,4,367
exact_match,1pct_e8,8,16,128,5,396
exact_match,1pct_e8,8,17,128,3,381
exact_match,1pct_e8,8,18,128,2,206
exact_match,1pct_e8,8,22,128,6,551
exact_match,1pct_e8,8,24,128,5,583
exact_match,1pct_e8,8,26,128,3,394
exact_match,1pct_e8,8,47,128,3,286
exact_match,1pct_e8,8,52,128,8,717
exact_match,1pct_e8,8,131,128,8,679
exact_match,1pct_e8,8,135,128,3,285
exact_match,1pct_e8,9,0,128,3,268
exact_match,1pct_e8,9,1,128,4,289
exact_match,1pct_e8,9,2,128,4,360
exact_match,1pct_e8,9,3,128,3,312
exact_match,1pct_e8,9,4,128,3,255
exact_match,1pct_e8,9,5,128,3,213
exact_match,1pct_e8,9,7,128,6,363
exact_match,1pct_e8,9,8,128,3,268
exact_match,1pct_e8,9,9,128,11,982
exact_match,1pct_e8,9,10,128,1,286
exact_match,1pct_e8,9,13,128,6,345
exact_match,1pct_e8,9,14,128,2,348
exact_match,1pct_e8,9,15,128,3,230
exact_match,1pct_e8,9,28,128,6,376
exact_match,1pct_e8,9,31,128,3,210
exact_match,1pct_e8,9,36,128,4,377
exact_match,1pct_e8,9,37,128,4,255
exact_match,1pct_e8,9,39,128,6,620
exact_match,1pct_e8,9,50,128,6,387
exact_match,1pct_e8,9,56,128,4,481
exact_match,1pct_e8,9,84,128,3,253
exact_match,1pct_e8,9,208,128,7,618
exact_match,1pct_e8,10,0,128,11,1092
exact_match,1pct_e8,10,1,128,5,588
exact_match,1pct_e8,10,2,128,3,424
exact_match,1pct_e8,10,3,128,5,631
exact_match,1pct_e8,10,4,128,5,440
exact_match,1pct_e8,10,5,128,6,636
exact_match,1pct_e8,10,8,128,5,502
exact_match,1pct_e8,10,10,128,7,829
exact_match,1pct_e8,10,12,128,6,616
exact_match,1pct_e8,10,15,128,8,901
exact_match,1pct_e8,10,19,128,4,543
exact_match,1pct_e8,10,22,128,2,224
exact_match,1pct_e8,10,27,128,7,613
exact_match,1pct_e8,10,31,128,6,710
exact_match,1pct_e8,10,32,128,4,423
exact_match,1pct_e8,10,34,128,3,313
exact_match,1pct_e8,10,36,128,2,337
exact_match,1pct_e8,10,43,128,3,384
exact_match,1pct_e8,10,137,128,5,628
exact_match,1pct_e8,11,0,128,4,491
exact_match,1pct_e8,11,2,128,3,266
exact_match,1pct_e8,11,3,128,5,585
exact_match,1pct_e8,11,4,128,4,404
exact_match,1pct_e8,11,6,128,5,398
exact_match,1pct_e8,11,8,128,3,357
exact_match,1pct_e8,11,10,128,2,194
exact_match,1pct_e8,11,12,128,14,956
exact_match,1pct_e8,11,13,128,5,634
exact_match,1pct_e8,11,14,128,3,393
exact_match,1pct_e8,11,18,128,3,275
exact_match,1pct_e8,11,19,128,3,245
exact_match,1pct_e8,11,20,128,7,611
exact_match,1pct_e8,11,22,128,5,333
exact_match,1pct_e8,11,26,128,3,366
exact_match,1pct_e8,11,48,128,9,650
exact_match,1pct_e8,11,62,128,3,258
exact_match,1pct_e8,11,87,128,11,864
exact_match,1pct_e8,11,147,128,2,259
exact_match,1pct_e8,12,0,128,12,1022
exact_match,1pct_e8,12,1,128,12,725
exact_match,1pct_e8,12,2,128,11,698
exact_match,1pct_e8,12,3,128,7,516
exact_match,1pct_e8,12,5,128,12,928
exact_match,1pct_e8,12,7,128,10,746
exact_match,1pct_e8,12,10,128,2,208
exact_match,1pct_e8,12,11,128,3,237
exact_match,1pct_e8,12,12,128,3,251
exact_match,1pct_e8,12,13,128,3,291
exact_match,1pct_e8,12,14,128,5,357
exact_match,1pct_e8,12,16,128,10,650
exact_match,1pct_e8,12,21,128,4,467
exact_match,1pct_e8,12,27,128,7,529
exact_match,1pct_e8,12,53,128,3,360
exact_match,1pct_e8,12,158,128,4,392
exact_match,1pct_e8,13,0,128,8,574
exact_match,1pct_e8,13,1,128,4,238
exact_match,1pct_e8,13,2,128,8,475
exact_match,1pct_e8,13,3,128,12,960
exact_match,1pct_e8,13,4,128,6,544
exact_match,1pct_e8,13,5,128,3,187
exact_match,1pct_e8,13,6,128,4,200
exact_match,1pct_e8,13,9,128,4,338
exact_match,1pct_e8,13,13,128,10,385
exact_match,1pct_e8,13,18,128,5,362
exact_match,1pct_e8,13,19,128,9,808
exact_match,1pct_e8,13,20,128,6,532
exact_match,1pct_e8,13,22,128,5,389
exact_match,1pct_e8,13,23,128,8,477
exact_match,1pct_e8,13,27,128,11,794
exact_match,1pct_e8,13,53,128,2,117
exact_match,1pct_e8,13,78,128,7,517
exact_match,1pct_e8,14,0,128,5,557
exact_match,1pct_e8,14,1,128,11,1062
exact_match,1pct_e8,14,2,128,5,640
exact_match,1pct_e8,14,5,128,5,433
exact_match,1pct_e8,14,6,128,10,750
exact_match,1pct_e8,14,7,128,5,502
exact_match,1pct_e8,14,8,128,8,653
exact_match,1pct_e8,14,9,128,7,748
exact_match,1pct_e8,14,10,128,2,274
exact_match,1pct_e8,14,12,128,11,970
exact_match,1pct_e8,14,15,128,9,890
exact_match,1pct_e8,14,20,128,5,500
exact_match,1pct_e8,14,22,128,3,343
exact_match,1pct_e8,14,25,128,2,231
exact_match,1pct_e8,14,26,128,2,144
exact_match,1pct_e8,14,27,128,3,349
exact_match,1pct_e8,14,37,128,13,1347
exact_match,1pct_e8,14,75,128,7,670
exact_match,1pct_e8,15,0,128,4,567
exact_match,1pct_e8,15,1,128,2,201
exact_match,1pct_e8,15,2,128,3,310
exact_match,1pct_e8,15,3,128,9,790
exact_match,1pct_e8,15,4,128,7,688
exact_match,1pct_e8,15,8,128,3,201
exact_match,1pct_e8,15,11,128,5,345
exact_match,1pct_e8,15,12,128,3,295
exact_match,1pct_e8,15,15,128,3,375
exact_match,1pct_e8,15,16,128,2,186
exact_match,1pct_e8,15,17,128,5,384
exact_match,1pct_e8,15,23,128,2,260
exact_match,1pct_e8,15,27,128,5,387
exact_match,1pct_e8,15,34,128,3,332
exact_match,1pct_e8,15,48,128,5,566
exact_match,1pct_e8,15,59,128,3,234
exact_match,1pct_e8,15,192,128,2,333
exact_match,1pct_e8,16,0,128,6,694
exact_match,1pct_e8,16,1,128,4,228
exact_match,1pct_e8,16,2,128,5,467
exact_match,1pct_e8,16,4,128,14,1078
exact_match,1pct_e8,16,5,128,8,660
exact_match,1pct_e8,16,7,128,5,326
exact_match,1pct_e8,16,8,128,4,338
exact_match,1pct_e8,16,9,128,5,367
exact_match,1pct_e8,16,10,128,4,379
exact_match,1pct_e8,16,12,128,5,305
exact_match,1pct_e8,16,13,128,3,319
exact_match,1pct_e8,16,14,128,12,858
exact_match,1pct_e8,16,15,128,8,580
exact_match,1pct_e8,16,17,128,3,325
exact_match,1pct_e8,16,21,128,4,298
exact_match,1pct_e8,16,28,128,8,730
exact_match,1pct_e8,16,46,128,8,719
exact_match,1pct_e8,17,0,128,3,400
exact_match,1pct_e8,17,1,128,4,380
exact_match,1pct_e8,17,2,128,5,534
exact_match,1pct_e8,17,3,128,5,446
exact_match,1pct_e8,17,4,128,1,202
exact_match,1pct_e8,17,5,128,7,572
exact_match,1pct_e8,17,6,128,6,563
exact_match,1pct_e8,17,8,128,6,534
exact_match,1pct_e8,17,9,128,4,319
exact_match,1pct_e8,17,10,128,5,463
exact_match,1pct_e8,17,11,128,11,1029
exact_match,1pct_e8,17,12,128,12,1050
exact_match,1pct_e8,17,16,128,5,515
exact_match,1pct_e8,17,17,128,3,430
exact_match,1pct_e8,17,18,128,7,574
exact_match,1pct_e8,17,22,128,3,291
exact_match,1pct_e8,17,24,128,9,582
exact_match,1pct_e8,17,26,128,8,586
exact_match,1pct_e8,17,37,128,3,388
exact_match,1pct_e8,17,64,128,2,349
exact_match,1pct_e8,18,0,128,5,693
exact_match,1pct_e8,18,1,128,2,202
exact_match,1pct_e8,18,2,128,2,179
exact_match,1pct_e8,18,3,128,6,605
exact_match,1pct_e8,18,4,128,1,86
exact_match,1pct_e8,18,6,128,3,336
exact_match,1pct_e8,18,7,128,2,310
exact_match,1pct_e8,18,9,128,2,196
exact_match,1pct_e8,18,12,128,3,438
exact_match,1pct_e8,18,14,128,4,322
exact_match,1pct_e8,18,15,128,3,301
exact_match,1pct_e8,18,16,128,4,280
exact_match,1pct_e8,18,18,128,5,542
exact_match,1pct_e8,18,19,128,3,327
exact_match,1pct_e8,18,32,128,3,258
exact_match,1pct_e8,18,34,128,5,326
exact_match,1pct_e8,18,41,128,12,1074
exact_match,1pct_e8,18,61,128,8,719
exact_match,1pct_e8,18,81,128,2,303
exact_match,1pct_e8,18,108,128,6,517
exact_match,1pct_e8,19,0,128,9,733
exact_match,1pct_e8,19,1,128,6,343
exact_match,1pct_e8,19,2,128,7,354
exact_match,1pct_e8,19,4,128,6,432
exact_match,1pct_e8,19,5,128,4,284
exact_match,1pct_e8,19,6,128,4,495
exact_match,1pct_e8,19,7,128,4,255
exact_match,1pct_e8,19,8,128,9,390
exact_match,1pct_e8,19,9,128,8,436
exact_match,1pct_e8,19,12,128,4,201
exact_match,1pct_e8,19,14,128,3,263
exact_match,1pct_e8,19,17,128,11,766
exact_match,1pct_e8,19,19,128,8,413
exact_match,1pct_e8,19,29,128,3,192
exact_match,1pct_e8,19,34,128,3,369
exact_match,1pct_e8,20,0,128,4,475
exact_match,1pct_e8,20,1,128,1,104
exact_match,1pct_e8,20,2,128,6,493
exact_match,1pct_e8,20,3,128,4,386
exact_match,1pct_e8,20,6,128,3,367
exact_match,1pct_e8,20,7,128,3,334
exact_match,1pct_e8,20,9,128,1,83
exact_match,1pct_e8,20,10,128,2,274
exact_match,1pct_e8,20,11,128,5,669
exact_match,1pct_e8,20,13,128,4,386
exact_match,1pct_e8,20,14,128,4,443
exact_match,1pct_e8,20,16,128,3,294
exact_match,1pct_e8,20,17,128,9,796
exact_match,1pct_e8,20,21,128,1,193
exact_match,1pct_e8,20,22,128,4,345
exact_match,1pct_e8,20,23,128,3,241
exact_match,1pct_e8,20,28,128,3,281
exact_match,1pct_e8,20,36,128,2,292
exact_match,1pct_e8,20,38,128,2,277
exact_match,1pct_e8,20,45,128,3,372
exact_match,1pct_e8,20,87,128,3,378
exact_match,1pct_e8,21,0,128,2,190
exact_match,1pct_e8,21,1,128,10,733
exact_match,1pct_e8,21,2,128,5,471
exact_match,1pct_e8,21,3,128,8,643
exact_match,1pct_e8,21,5,128,6,457
exact_match,1pct_e8,21,7,128,3,322
exact_match,1pct_e8,21,9,128,4,438
exact_match,1pct_e8,21,11,128,3,382
exact_match,1pct_e8,21,12,128,2,209
exact_match,1pct_e8,21,17,128,8,634
exact_match,1pct_e8,21,19,128,1,300
exact_match,1pct_e8,21,23,128,8,616
exact_match,1pct_e8,21,24,128,3,291
exact_match,1pct_e8,21,31,128,7,592
exact_match,1pct_e8,21,46,128,2,322
exact_match,1pct_e8,21,64,128,5,529
exact_match,1pct_e8,21,68,128,5,323
exact_match,1pct_e8,21,76,128,6,434
exact_match,1pct_e8,21,81,128,3,241
exact_match,1pct_e8,22,0,128,3,326
exact_match,1pct_e8,22,1,128,1,119
exact_match,1pct_e8,22,3,128,10,929
exact_match,1pct_e8,22,4,128,1,175
exact_match,1pct_e8,22,5,128,4,605
exact_match,1pct_e8,22,6,128,4,398
exact_match,1pct_e8,22,7,128,8,701
exact_match,1pct_e8,22,8,128,3,234
exact_match,1pct_e8,22,9,128,10,715
exact_match,1pct_e8,22,10,128,5,411
exact_match,1pct_e8,22,12,128,3,258
exact_match,1pct_e8,22,18,128,5,339
exact_match,1pct_e8,22,19,128,5,322
exact_match,1pct_e8,22,26,128,6,452
exact_match,1pct_e8,22,30,128,2,207
exact_match,1pct_e8,22,49,128,2,217
exact_match,1pct_e8,22,52,128,5,417
exact_match,1pct_e8,22,103,128,5,546
exact_match,1pct_e8,22,121,128,3,275
exact_match,1pct_e8,23,0,128,4,300
exact_match,1pct_e8,23,1,128,1,169
exact_match,1pct_e8,23,2,128,3,166
exact_match,1pct_e8,23,3,128,11,621
exact_match,1pct_e8,23,4,128,4,257
exact_match,1pct_e8,23,5,128,6,429
exact_match,1pct_e8,23,11,128,2,277
exact_match,1pct_e8,23,12,128,5,559
exact_match,1pct_e8,23,17,128,3,205
exact_match,1pct_e8,23,20,128,9,638
exact_match,1pct_e8,23,24,128,3,336
exact_match,1pct_e8,23,25,128,4,271
exact_match,1pct_e8,23,29,128,6,488
exact_match,1pct_e8,23,37,128,13,721
exact_match,1pct_e8,23,42,128,7,503
exact_match,1pct_e8,23,46,128,2,320
exact_match,1pct_e8,23,132,128,7,664
exact_match,1pct_e8,24,0,128,5,477
exact_match,1pct_e8,24,1,128,3,280
exact_match,1pct_e8,24,2,128,4,342
exact_match,1pct_e8,24,4,128,7,602
exact_match,1pct_e8,24,5,128,2,290
exact_match,1pct_e8,24,6,128,4,399
exact_match,1pct_e8,24,7,128,3,365
exact_match,1pct_e8,24,11,128,2,388
exact_match,1pct_e8,24,12,128,3,356
exact_match,1pct_e8,24,17,128,7,625
exact_match,1pct_e8,24,21,128,7,653
exact_match,1pct_e8,24,24,128,7,830
exact_match,1pct_e8,24,25,128,10,934
exact_match,1pct_e8,24,28,128,7,585
exact_match,1pct_e8,24,30,128,8,654
exact_match,1pct_e8,24,31,128,10,1027
exact_match,1pct_e8,24,41,128,4,413
exact_match,1pct_e8,24,45,128,8,635
exact_match,1pct_e8,24,56,128,2,226
exact_match,1pct_e8,24,62,128,2,287
exact_match,1pct_e8,25,0,128,4,387
exact_match,1pct_e8,25,1,128,2,294
exact_match,1pct_e8,25,2,128,4,279
exact_match,1pct_e8,25,3,128,4,360
exact_match,1pct_e8,25,4,128,7,707
exact_match,1pct_e8,25,5,128,3,331
exact_match,1pct_e8,25,6,128,4,352
exact_match,1pct_e8,25,7,128,7,607
exact_match,1pct_e8,25,8,128,5,371
exact_match,1pct_e8,25,10,128,5,467
exact_match,1pct_e8,25,11,128,11,992
exact_match,1pct_e8,25,13,128,5,446
exact_match,1pct_e8,25,14,128,3,305
exact_match,1pct_e8,25,16,128,6,580
exact_match,1pct_e8,25,18,128,6,489
exact_match,1pct_e8,25,29,128,5,427
exact_match,1pct_e8,25,34,128,2,296
exact_match,1pct_e8,25,50,128,3,330
exact_match,1pct_e8,25,55,128,9,567
exact_match,1pct_e8,25,96,128,8,693
exact_match,1pct_e8,26,0,128,5,453
exact_match,1pct_e8,26,1,128,2,212
exact_match,1pct_e8,26,2,128,7,489
exact_match,1pct_e8,26,3,128,3,382
exact_match,1pct_e8,26,4,128,5,409
exact_match,1pct_e8,26,5,128,6,568
exact_match,1pct_e8,26,6,128,7,509
exact_match,1pct_e8,26,7,128,2,361
exact_match,1pct_e8,26,12,128,6,413
exact_match,1pct_e8,26,15,128,4,376
exact_match,1pct_e8,26,21,128,7,436
exact_match,1pct_e8,26,23,128,4,442
exact_match,1pct_e8,26,24,128,7,427
exact_match,1pct_e8,26,28,128,10,793
exact_match,1pct_e8,26,32,128,3,236
exact_match,1pct_e8,26,34,128,5,380
exact_match,1pct_e8,26,47,128,4,307
exact_match,1pct_e8,26,56,128,8,731
exact_match,1pct_e8,27,0,128,3,307
exact_match,1pct_e8,27,1,128,2,122
exact_match,1pct_e8,27,2,128,6,326
exact_match,1pct_e8,27,3,128,2,226
exact_match,1pct_e8,27,4,128,12,613
exact_match,1pct_e8,27,5,128,3,198
exact_match,1pct_e8,27,6,128,3,155
exact_match,1pct_e8,27,7,128,2,198
exact_match,1pct_e8,27,10,128,4,264
exact_match,1pct_e8,27,11,128,5,350
exact_match,1pct_e8,27,13,128,6,466
exact_match,1pct_e8,27,14,128,5,361
exact_match,1pct_e8,27,15,128,3,220
exact_match,1pct_e8,27,16,128,6,464
exact_match,1pct_e8,27,17,128,4,492
exact_match,1pct_e8,27,20,128,3,195
exact_match,1pct_e8,27,23,128,11,568
exact_match,1pct_e8,27,26,128,7,349
exact_match,1pct_e8,27,34,128,4,283
exact_match,1pct_e8,27,44,128,8,714
exact_match,1pct_e8,27,59,128,3,226
exact_match,1pct_e8,28,0,128,5,466
exact_match,1pct_e8,28,1,128,4,364
exact_match,1pct_e8,28,2,128,6,390
exact_match,1pct_e8,28,3,128,14,1181
exact_match,1pct_e8,28,4,128,15,954
exact_match,1pct_e8,28,5,128,11,781
exact_match,1pct_e8,28,6,128,17,1198
exact_match,1pct_e8,28,7,128,8,524
exact_match,1pct_e8,28,10,128,6,381
exact_match,1pct_e8,28,11,128,5,449
exact_match,1pct_e8,28,15,128,7,501
exact_match,1pct_e8,28,16,128,4,281
exact_match,1pct_e8,28,19,128,9,515
exact_match,1pct_e8,28,24,128,4,290
exact_match,1pct_e8,28,27,128,2,285
exact_match,1pct_e8,28,29,128,2,391
exact_match,1pct_e8,28,30,128,3,400
exact_match,1pct_e8,28,66,128,5,337
exact_match,1pct_e8,29,0,128,3,409
exact_match,1pct_e8,29,1,128,1,111
exact_match,1pct_e8,29,3,128,2,183
exact_match,1pct_e8,29,4,128,2,381
exact_match,1pct_e8,29,5,128,1,206
exact_match,1pct_e8,29,6,128,5,505
exact_match,1pct_e8,29,7,128,2,266
exact_match,1pct_e8,29,8,128,3,309
exact_match,1pct_e8,29,13,128,3,361
exact_match,1pct_e8,29,14,128,3,411
exact_match,1pct_e8,29,15,128,3,280
exact_match,1pct_e8,29,16,128,6,413
exact_match,1pct_e8,29,23,128,2,488
exact_match,1pct_e8,29,33,128,1,300
exact_match,1pct_e8,29,54,128,3,294
exact_match,1pct_e8,29,68,128,6,477
exact_match,1pct_e8,29,77,128,3,216
exact_match,1pct_e8,29,95,128,4,388
exact_match,1pct_e8,29,108,128,3,141
exact_match,1pct_e8,29,113,128,8,586
exact_match,1pct_e8,29,141,128,4,266
exact_match,1pct_e8,30,0,128,3,339
exact_match,1pct_e8,30,1,128,1,156
exact_match,1pct_e8,30,3,128,5,498
exact_match,1pct_e8,30,4,128,4,581
exact_match,1pct_e8,30,5,128,5,550
exact_match,1pct_e8,30,6,128,3,467
exact_match,1pct_e8,30,8,128,4,480
exact_match,1pct_e8,30,9,128,2,293
exact_match,1pct_e8,30,11,128,8,529
exact_match,1pct_e8,30,12,128,4,563
exact_match,1pct_e8,30,13,128,6,400
exact_match,1pct_e8,30,15,128,3,254
exact_match,1pct_e8,30,16,128,2,212
exact_match,1pct_e8,30,17,128,6,530
exact_match,1pct_e8,30,28,128,2,253
exact_match,1pct_e8,30,31,128,5,315
exact_match,1pct_e8,30,38,128,7,410
exact_match,1pct_e8,30,52,128,6,484
exact_match,1pct_e8,30,155,128,6,403
exact_match,1pct_e8,31,0,128,6,517
exact_match,1pct_e8,31,1,128,6,592
exact_match,1pct_e8,31,2,128,13,606
exact_match,1pct_e8,31,3,128,5,399
exact_match,1pct_e8,31,4,128,9,847
exact_match,1pct_e8,31,7,128,10,641
exact_match,1pct_e8,31,9,128,2,115
exact_match,1pct_e8,31,11,128,10,560
exact_match,1pct_e8,31,12,128,3,303
exact_match,1pct_e8,31,13,128,12,528
exact_match,1pct_e8,31,14,128,7,436
exact_match,1pct_e8,31,21,128,5,504
exact_match,1pct_e8,31,31,128,4,459
exact_match,1pct_e8,31,37,128,4,382
exact_match,1pct_e8,31,52,128,5,489
exact_match,1pct_e8,32,0,128,3,330
exact_match,1pct_e8,32,1,128,5,501
exact_match,1pct_e8,32,3,128,2,126
exact_match,1pct_e8,32,4,128,12,1029
exact_match,1pct_e8,32,5,128,8,644
exact_match,1pct_e8,32,6,128,4,320
exact_match,1pct_e8,32,7,128,2,141
exact_match,1pct_e8,32,8,128,3,169
exact_match,1pct_e8,32,11,128,2,321
exact_match,1pct_e8,32,12,128,7,575
exact_match,1pct_e8,32,24,128,6,397
exact_match,1pct_e8,32,25,128,2,177
exact_match,1pct_e8,32,45,128,2,251
exact_match,1pct_e8,32,46,128,4,282
exact_match,1pct_e8,32,47,128,11,564
exact_match,1pct_e8,32,134,128,5,469
exact_match,1pct_e8,33,0,128,2,313
exact_match,1pct_e8,33,1,128,4,300
exact_match,1pct_e8,33,2,128,3,227
exact_match,1pct_e8,33,3,128,3,379
exact_match,1pct_e8,33,4,128,7,793
exact_match,1pct_e8,33,5,128,2,193
exact_match,1pct_e8,33,7,128,3,367
exact_match,1pct_e8,33,8,128,4,325
exact_match,1pct_e8,33,10,128,3,404
exact_match,1pct_e8,33,11,128,3,366
exact_match,1pct_e8,33,12,128,1,190
exact_match,1pct_e8,33,14,128,5,468
exact_match,1pct_e8,33,18,128,2,206
exact_match,1pct_e8,33,19,128,1,198
exact_match,1pct_e8,33,22,128,2,319
exact_match,1pct_e8,33,23,128,1,161
exact_match,1pct_e8,33,29,128,4,521
exact_match,1pct_e8,33,33,128,2,337
exact_match,1pct_e8,33,41,128,1,296
exact_match,1pct_e8,33,49,128,6,513
exact_match,1pct_e8,33,96,128,2,236
exact_match,1pct_e8,34,0,128,6,426
exact_match,1pct_e8,34,1,128,7,500
exact_match,1pct_e8,34,2,128,9,626
exact_match,1pct_e8,34,3,128,4,240
exact_match,1pct_e8,34,4,128,14,981
exact_match,1pct_e8,34,7,128,11,720
exact_match,1pct_e8,34,8,128,6,412
exact_match,1pct_e8,34,9,128,5,513
exact_match,1pct_e8,34,10,128,2,167
exact_match,1pct_e8,34,12,128,8,634
exact_match,1pct_e8,34,14,128,3,283
exact_match,1pct_e8,34,16,128,8,677
exact_match,1pct_e8,34,20,128,4,365
exact_match,1pct_e8,34,25,128,8,651
exact_match,1pct_e8,34,26,128,4,272
exact_match,1pct_e8,34,43,128,6,587
exact_match,1pct_e8,35,0,128,4,497
exact_match,1pct_e8,35,1,128,3,275
exact_match,1pct_e8,35,2,128,5,276
exact_match,1pct_e8,35,3,128,3,409
exact_match,1pct_e8,35,4,128,7,614
exact_match,1pct_e8,35,5,128,10,909
exact_match,1pct_e8,35,6,128,8,796
exact_match,1pct_e8,35,8,128,13,1053
exact_match,1pct_e8,35,9,128,12,1075
exact_match,1pct_e8,35,11,128,7,533
exact_match,1pct_e8,35,13,128,6,368
exact_match,1pct_e8,35,14,128,9,559
exact_match,1pct_e8,35,15,128,5,371
exact_match,1pct_e8,35,17,128,3,223
exact_match,1pct_e8,35,20,128,8,605
exact_match,1pct_e8,35,21,128,5,565
exact_match,1pct_e8,35,22,128,6,613
exact_match,1pct_e8,35,26,128,6,580
exact_match,1pct_e8,35,33,128,3,296
exact_match,1pct_e8,35,35,128,13,1173
exact_match,1pct_e8,36,0,128,4,375
exact_match,1pct_e8,36,1,128,1,123
exact_match,1pct_e8,36,2,128,4,373
exact_match,1pct_e8,36,3,128,3,346
exact_match,1pct_e8,36,4,128,5,254
exact_match,1pct_e8,36,5,128,8,371
exact_match,1pct_e8,36,6,128,16,883
exact_match,1pct_e8,36,7,128,4,320
exact_match,1pct_e8,36,8,128,9,714
exact_match,1pct_e8,36,9,128,5,448
exact_match,1pct_e8,36,12,128,4,260
exact_match,1pct_e8,36,14,128,6,449
exact_match,1pct_e8,36,15,128,5,557
exact_match,1pct_e8,36,17,128,5,341
exact_match,1pct_e8,36,20,128,5,288
exact_match,1pct_e8,36,23,128,8,721
exact_match,1pct_e8,36,28,128,2,215
exact_match,1pct_e8,36,54,128,4,391
exact_match,1pct_e8,37,0,128,3,443
exact_match,1pct_e8,37,1,128,5,362
exact_match,1pct_e8,37,2,128,6,404
exact_match,1pct_e8,37,3,128,6,496
exact_match,1pct_e8,37,4,128,11,760
exact_match,1pct_e8,37,5,128,13,879
exact_match,1pct_e8,37,6,128,5,432
exact_match,1pct_e8,37,8,128,9,913
exact_match,1pct_e8,37,10,128,2,237
exact_match,1pct_e8,37,12,128,8,802
exact_match,1pct_e8,37,17,128,5,549
exact_match,1pct_e8,37,24,128,5,397
exact_match,1pct_e8,37,37,128,5,470
exact_match,1pct_e8,37,39,128,5,649
exact_match,1pct_e8,37,43,128,6,539
exact_match,1pct_e8,37,44,128,8,777
exact_match,1pct_e8,37,45,128,6,484
exact_match,1pct_e8,37,104,128,3,298
exact_match,1pct_e8,38,0,128,4,528
exact_match,1pct_e8,38,1,128,5,450
exact_match,1pct_e8,38,2,128,10,585
exact_match,1pct_e8,38,3,128,3,399
exact_match,1pct_e8,38,5,128,5,383
exact_match,1pct_e8,38,6,128,8,506
exact_match,1pct_e8,38,9,128,5,466
exact_match,1pct_e8,38,12,128,16,1305
exact_match,1pct_e8,38,15,128,3,277
exact_match,1pct_e8,38,19,128,3,283
exact_match,1pct_e8,38,21,128,3,260
exact_match,1pct_e8,38,24,128,6,603
exact_match,1pct_e8,38,27,128,5,436
exact_match,1pct_e8,38,38,128,3,400
exact_match,1pct_e8,38,42,128,4,342
exact_match,1pct_e8,38,43,128,7,599
exact_match,1pct_e8,38,57,128,1,220
exact_match,1pct_e8,38,68,128,5,547
exact_match,1pct_e8,38,163,128,4,390
exact_match,1pct_e8,39,0,128,3,323
exact_match,1pct_e8,39,1,128,9,786
exact_match,1pct_e8,39,2,128,2,203
exact_match,1pct_e8,39,3,128,4,368
exact_match,1pct_e8,39,4,128,4,376
exact_match,1pct_e8,39,5,128,1,293
exact_match,1pct_e8,39,6,128,3,452
exact_match,1pct_e8,39,7,128,5,333
exact_match,1pct_e8,39,8,128,3,270
exact_match,1pct_e8,39,9,128,6,757
exact_match,1pct_e8,39,17,128,3,328
exact_match,1pct_e8,39,20,128,3,219
exact_match,1pct_e8,39,21,128,1,313
exact_match,1pct_e8,39,25,128,4,514
exact_match,1pct_e8,39,26,128,8,825
exact_match,1pct_e8,39,35,128,3,394
exact_match,1pct_e8,39,63,128,4,412
exact_match,1pct_e8,39,169,128,5,400
exact_match,1pct_e8,40,0,128,18,1456
exact_match,1pct_e8,40,1,128,6,395
exact_match,1pct_e8,40,2,128,4,296
exact_match,1pct_e8,40,4,128,4,332
exact_match,1pct_e8,40,5,128,10,640
exact_match,1pct_e8,40,7,128,4,255
exact_match,1pct_e8,40,8,128,12,845
exact_match,1pct_e8,40,10,128,6,580
exact_match,1pct_e8,40,11,128,9,747
exact_match,1pct_e8,40,12,128,7,562
exact_match,1pct_e8,40,13,128,4,374
exact_match,1pct_e8,40,16,128,3,225
exact_match,1pct_e8,40,17,128,5,519
exact_match,1pct_e8,40,20,128,7,5622
exact_match,1pct_e8,40,26,128,9,632
exact_match,1pct_e8,40,35,128,10,651
exact_match,1pct_e8,40,37,128,4,488
exact_match,1pct_e8,40,69,128,3,301
exact_match,1pct_e8,40,127,128,7,504
exact_match,1pct_e8,41,0,128,3,420
exact_match,1pct_e8,41,1,128,2,271
exact_match,1pct_e8,41,2,128,1,309
exact_match,1pct_e8,41,3,128,2,197
exact_match,1pct_e8,41,4,128,5,384
exact_match,1pct_e8,41,7,128,6,490
exact_match,1pct_e8,41,8,128,6,581
exact_match,1pct_e8,41,11,128,2,222
exact_match,1pct_e8,41,14,128,4,316
exact_match,1pct_e8,41,16,128,6,375
exact_match,1pct_e8,41,17,128,3,278
exact_match,1pct_e8,41,18,128,8,542
exact_match,1pct_e8,41,20,128,6,469
exact_match,1pct_e8,41,23,128,3,372
exact_match,1pct_e8,41,25,128,7,565
exact_match,1pct_e8,41,29,128,5,458
exact_match,1pct_e8,41,186,128,5,342
exact_match,1pct_e8,41,206,128,3,401
exact_match,1pct_e8,42,0,128,6,540
exact_match,1pct_e8,42,1,128,4,392
exact_match,1pct_e8,42,2,128,8,673
exact_match,1pct_e8,42,3,128,2,273
exact_match,1pct_e8,42,4,128,5,474
exact_match,1pct_e8,42,5,128,8,689
exact_match,1pct_e8,42,8,128,2,422
exact_match,1pct_e8,42,9,128,17,1400
exact_match,1pct_e8,42,11,128,7,568
exact_match,1pct_e8,42,12,128,6,516
exact_match,1pct_e8,42,23,128,8,815
exact_match,1pct_e8,42,29,128,5,640
exact_match,1pct_e8,42,36,128,5,572
exact_match,1pct_e8,42,37,128,2,324
exact_match,1pct_e8,42,59,128,13,1185
exact_match,1pct_e8,42,67,128,6,694
exact_match,1pct_e8,43,0,128,5,553
exact_match,1pct_e8,43,1,128,7,548
exact_match,1pct_e8,43,3,128,4,268
exact_match,1pct_e8,43,4,128,4,221
exact_match,1pct_e8,43,5,128,5,325
exact_match,1pct_e8,43,6,128,7,563
exact_match,1pct_e8,43,7,128,7,510
exact_match,1pct_e8,43,8,128,7,608
exact_match,1pct_e8,43,9,128,10,540
exact_match,1pct_e8,43,11,128,13,969
exact_match,1pct_e8,43,12,128,8,545
exact_match,1pct_e8,43,14,128,6,385
exact_match,1pct_e8,43,18,128,5,261
exact_match,1pct_e8,43,24,128,6,619
exact_match,1pct_e8,43,25,128,5,380
exact_match,1pct_e8,43,41,128,2,191
exact_match,1pct_e8,43,45,128,7,462
exact_match,1pct_e8,43,47,128,9,684
exact_match,1pct_e8,43,103,128,6,379
exact_match,1pct_e8,44,0,128,4,494
exact_match,1pct_e8,44,1,128,3,295
exact_match,1pct_e8,44,2,128,6,528
exact_match,1pct_e8,44,3,128,1,94
exact_match,1pct_e8,44,4,128,2,365
exact_match,1pct_e8,44,9,128,3,389
exact_match,1pct_e8,44,10,128,7,453
exact_match,1pct_e8,44,11,128,8,674
exact_match,1pct_e8,44,12,128,3,390
exact_match,1pct_e8,44,13,128,5,287
exact_match,1pct_e8,44,14,128,7,486
exact_match,1pct_e8,44,19,128,5,558
exact_match,1pct_e8,44,20,128,1,195
exact_match,1pct_e8,44,23,128,3,311
exact_match,1pct_e8,44,25,128,4,354
exact_match,1pct_e8,44,28,128,3,235
exact_match,1pct_e8,44,43,128,2,262
exact_match,1pct_e8,44,51,128,5,597
exact_match,1pct_e8,44,58,128,2,310
exact_match,1pct_e8,45,0,128,6,538
exact_match,1pct_e8,45,1,128,4,337
exact_match,1pct_e8,45,2,128,3,345
exact_match,1pct_e8,45,3,128,9,671
exact_match,1pct_e8,45,4,128,5,407
exact_match,1pct_e8,45,5,128,3,269
exact_match,1pct_e8,45,8,128,6,367
exact_match,1pct_e8,45,9,128,3,191
exact_match,1pct_e8,45,10,128,4,220
exact_match,1pct_e8,45,11,128,1,183
exact_match,1pct_e8,45,14,128,3,291
exact_match,1pct_e8,45,16,128,5,392
exact_match,1pct_e8,45,17,128,6,298
exact_match,1pct_e8,45,19,128,5,298
exact_match,1pct_e8,45,21,128,4,537
exact_match,1pct_e8,45,31,128,3,229
exact_match,1pct_e8,45,34,128,3,441
exact_match,1pct_e8,45,35,128,2,322
exact_match,1pct_e8,45,51,128,4,300
exact_match,1pct_e8,45,57,128,3,228
exact_match,1pct_e8,45,88,128,4,307
exact_match,1pct_e8,46,0,128,4,324
exact_match,1pct_e8,46,1,128,2,376
exact_match,1pct_e8,46,2,128,4,342
exact_match,1pct_e8,46,4,128,5,540
exact_match,1pct_e8,46,5,128,2,292
exact_match,1pct_e8,46,6,128,2,202
exact_match,1pct_e8,46,8,128,12,930
exact_match,1pct_e8,46,9,128,4,409
exact_match,1pct_e8,46,11,128,4,357
exact_match,1pct_e8,46,23,128,1,79
exact_match,1pct_e8,46,24,128,5,434
exact_match,1pct_e8,46,40,128,9,832
exact_match,1pct_e8,46,45,128,7,642
exact_match,1pct_e8,46,50,128,5,434
exact_match,1pct_e8,46,54,128,8,725
exact_match,1pct_e8,46,81,128,4,366
exact_match,1pct_e8,46,93,128,4,404
exact_match,1pct_e8,47,0,128,7,762
exact_match,1pct_e8,47,1,128,4,517
exact_match,1pct_e8,47,2,128,5,462
exact_match,1pct_e8,47,3,128,8,743
exact_match,1pct_e8,47,5,128,9,793
exact_match,1pct_e8,47,8,128,9,728
exact_match,1pct_e8,47,11,128,6,364
exact_match,1pct_e8,47,12,128,9,741
exact_match,1pct_e8,47,13,128,3,368
exact_match,1pct_e8,47,14,128,1,199
exact_match,1pct_e8,47,15,128,8,698
exact_match,1pct_e8,47,18,128,6,490
exact_match,1pct_e8,47,29,128,18,1251
exact_match,1pct_e8,47,39,128,4,416
exact_match,1pct_e8,47,45,128,6,479
exact_match,1pct_e8,47,50,128,7,509
exact_match,1pct_e8,47,51,128,6,431
exact_match,1pct_e8,47,63,128,5,401
exact_match,1pct_e8,47,74,128,5,623
exact_match,1pct_e8,48,0,128,3,416
exact_match,1pct_e8,48,1,128,7,499
exact_match,1pct_e8,48,2,128,8,632
exact_match,1pct_e8,48,3,128,4,413
exact_match,1pct_e8,48,4,128,5,295
exact_match,1pct_e8,48,5,128,3,319
exact_match,1pct_e8,48,6,128,6,473
exact_match,1pct_e8,48,7,128,2,127
exact_match,1pct_e8,48,9,128,8,682
exact_match,1pct_e8,48,10,128,5,488
exact_match,1pct_e8,48,11,128,2,333
exact_match,1pct_e8,48,12,128,2,276
exact_match,1pct_e8,48,13,128,2,260
exact_match,1pct_e8,48,18,128,6,367
exact_match,1pct_e8,48,20,128,5,422
exact_match,1pct_e8,48,21,128,2,333
exact_match,1pct_e8,48,37,128,7,480
exact_match,1pct_e8,48,42,128,3,366
exact_match,1pct_e8,48,55,128,4,342
exact_match,1pct_e8,49,0,128,2,240
exact_match,1pct_e8,49,1,128,1,142
exact_match,1pct_e8,49,2,128,5,514
exact_match,1pct_e8,49,3,128,4,458
exact_match,1pct_e8,49,4,128,7,533
exact_match,1pct_e8,49,5,128,7,558
exact_match,1pct_e8,49,6,128,2,184
exact_match,1pct_e8,49,7,128,2,320
exact_match,1pct_e8,49,8,128,10,494
exact_match,1pct_e8,49,10,128,10,512
exact_match,1pct_e8,49,11,128,4,296
exact_match,1pct_e8,49,12,128,5,292
exact_match,1pct_e8,49,15,128,2,244
exact_match,1pct_e8,49,31,128,3,294
exact_match,1pct_e8,49,36,128,4,241
exact_match,1pct_e8,49,51,128,1,192
exact_match,1pct_e8,49,193,128,7,409
exact_match,1pct_e8,49,288,128,2,303
exact_match,1pct_e8,50,0,128,3,358
exact_match,1pct_e8,50,1,128,4,388
exact_match,1pct_e8,50,2,128,5,559
exact_match,1pct_e8,50,3,128,5,404
exact_match,1pct_e8,50,4,128,6,595
exact_match,1pct_e8,50,5,128,10,686
exact_match,1pct_e8,50,6,128,8,529
exact_match,1pct_e8,50,7,128,8,608
exact_match,1pct_e8,50,8,128,7,549
exact_match,1pct_e8,50,9,128,6,668
exact_match,1pct_e8,50,10,128,3,371
exact_match,1pct_e8,50,11,128,2,270
exact_match,1pct_e8,50,13,128,7,553
exact_match,1pct_e8,50,20,128,4,339
exact_match,1pct_e8,50,22,128,4,340
exact_match,1pct_e8,50,38,128,3,265
exact_match,1pct_e8,50,43,128,4,286
exact_match,1pct_e8,50,48,128,6,485
exact_match,1pct_e8,50,59,128,3,318
exact_match,1pct_e8,50,122,128,3,355
exact_match,1pct_e8,51,0,128,5,577
exact_match,1pct_e8,51,1,128,2,285
exact_match,1pct_e8,51,2,128,9,906
exact_match,1pct_e8,51,3,128,2,263
exact_match,1pct_e8,51,5,128,3,355
exact_match,1pct_e8,51,9,128,2,274
exact_match,1pct_e8,51,10,128,2,291
exact_match,1pct_e8,51,11,128,4,416
exact_match,1pct_e8,51,12,128,2,289
exact_match,1pct_e8,51,13,128,3,361
exact_match,1pct_e8,51,16,128,1,200
exact_match,1pct_e8,51,17,128,7,841
exact_match,1pct_e8,51,19,128,3,400
exact_match,1pct_e8,51,20,128,2,267
exact_match,1pct_e8,51,21,128,2,289
exact_match,1pct_e8,51,22,128,1,307
exact_match,1pct_e8,51,28,128,5,567
exact_match,1pct_e8,51,29,128,8,843
exact_match,1pct_e8,51,31,128,8,856
exact_match,1pct_e8,51,36,128,7,769
exact_match,1pct_e8,51,47,128,1,313
exact_match,1pct_e8,52,0,128,9,819
exact_match,1pct_e8,52,1,128,3,143
exact_match,1pct_e8,52,3,128,13,793
exact_match,1pct_e8,52,4,128,5,427
exact_match,1pct_e8,52,5,128,3,201
exact_match,1pct_e8,52,6,128,5,203
exact_match,1pct_e8,52,7,128,3,225
exact_match,1pct_e8,52,8,128,3,369
exact_match,1pct_e8,52,10,128,8,606
exact_match,1pct_e8,52,11,128,4,310
exact_match,1pct_e8,52,14,128,11,764
exact_match,1pct_e8,52,15,128,3,360
exact_match,1pct_e8,52,17,128,1,254
exact_match,1pct_e8,52,20,128,5,301
exact_match,1pct_e8,52,23,128,7,582
exact_match,1pct_e8,52,34,128,9,766
exact_match,1pct_e8,52,55,128,6,457
exact_match,1pct_e8,52,73,128,5,351
exact_match,1pct_e8,53,0,128,2,240
exact_match,1pct_e8,53,1,128,5,270
exact_match,1pct_e8,53,2,128,7,319
exact_match,1pct_e8,53,3,128,11,972
exact_match,1pct_e8,53,4,128,7,328
exact_match,1pct_e8,53,5,128,6,404
exact_match,1pct_e8,53,6,128,2,332
exact_match,1pct_e8,53,7,128,7,410
exact_match,1pct_e8,53,8,128,1,112
exact_match,1pct_e8,53,11,128,4,325
exact_match,1pct_e8,53,13,128,4,237
exact_match,1pct_e8,53,14,128,4,335
exact_match,1pct_e8,53,16,128,7,510
exact_match,1pct_e8,53,17,128,5,217
exact_match,1pct_e8,53,23,128,3,283
exact_match,1pct_e8,53,33,128,2,211
exact_match,1pct_e8,53,75,128,4,256
exact_match,1pct_e8,53,100,128,3,398
exact_match,1pct_e8,54,0,128,3,320
exact_match,1pct_e8,54,1,128,7,590
exact_match,1pct_e8,54,2,128,3,258
exact_match,1pct_e8,54,4,128,2,334
exact_match,1pct_e8,54,5,128,2,200
exact_match,1pct_e8,54,6,128,6,449
exact_match,1pct_e8,54,7,128,5,497
exact_match,1pct_e8,54,9,128,5,522
exact_match,1pct_e8,54,20,128,2,218
exact_match,1pct_e8,54,22,128,3,211
exact_match,1pct_e8,54,25,128,3,297
exact_match,1pct_e8,54,28,128,1,106
exact_match,1pct_e8,54,39,128,3,243
exact_match,1pct_e8,54,65,128,1,83
exact_match,1pct_e8,54,71,128,4,416
exact_match,1pct_e8,54,74,128,3,329
exact_match,1pct_e8,54,78,128,1,392
exact_match,1pct_e8,54,81,128,2,233
exact_match,1pct_e8,54,85,128,5,428
exact_match,1pct_e8,54,86,128,2,295
exact_match,1pct_e8,54,87,128,2,204
exact_match,1pct_e8,54,101,128,3,387
exact_match,1pct_e8,54,104,128,5,339
exact_match,1pct_e8,54,379,128,4,377
exact_match,1pct_e8,55,0,128,1,300
exact_match,1pct_e8,55,1,128,6,597
exact_match,1pct_e8,55,2,128,3,378
exact_match,1pct_e8,55,3,128,2,347
exact_match,1pct_e8,55,4,128,3,298
exact_match,1pct_e8,55,5,128,3,332
exact_match,1pct_e8,55,6,128,3,293
exact_match,1pct_e8,55,7,128,5,595
exact_match,1pct_e8,55,8,128,10,959
exact_match,1pct_e8,55,9,128,4,420
exact_match,1pct_e8,55,10,128,4,428
exact_match,1pct_e8,55,12,128,3,319
exact_match,1pct_e8,55,13,128,7,596
exact_match,1pct_e8,55,19,128,3,339
exact_match,1pct_e8,55,23,128,2,194
exact_match,1pct_e8,55,32,128,1,82
exact_match,1pct_e8,55,37,128,8,859
exact_match,1pct_e8,55,38,128,3,373
exact_match,1pct_e8,55,51,128,2,232
exact_match,1pct_e8,55,52,128,1,307
exact_match,1pct_e8,55,64,128,5,501
exact_match,1pct_e8,55,78,128,8,605
exact_match,1pct_e8,55,90,128,5,423
exact_match,1pct_e8,56,0,128,5,410
exact_match,1pct_e8,56,2,128,4,232
exact_match,1pct_e8,56,4,128,5,418
exact_match,1pct_e8,56,5,128,4,315
exact_match,1pct_e8,56,9,128,5,305
exact_match,1pct_e8,56,11,128,8,690
exact_match,1pct_e8,56,13,128,1,182
exact_match,1pct_e8,56,14,128,3,232
exact_match,1pct_e8,56,16,128,4,262
exact_match,1pct_e8,56,20,128,4,247
exact_match,1pct_e8,56,22,128,3,153
exact_match,1pct_e8,56,28,128,6,376
exact_match,1pct_e8,56,30,128,2,212
exact_match,1pct_e8,56,33,128,1,234
exact_match,1pct_e8,56,45,128,5,228
exact_match,1pct_e8,56,52,128,4,274
exact_match,1pct_e8,56,54,128,6,484
exact_match,1pct_e8,56,57,128,4,215
exact_match,1pct_e8,56,62,128,2,249
exact_match,1pct_e8,56,231,128,7,573
exact_match,1pct_e8,57,0,128,5,557
exact_match,1pct_e8,57,1,128,6,557
exact_match,1pct_e8,57,2,128,9,821
exact_match,1pct_e8,57,3,128,6,471
exact_match,1pct_e8,57,4,128,6,488
exact_match,1pct_e8,57,5,128,5,194
exact_match,1pct_e8,57,9,128,4,376
exact_match,1pct_e8,57,10,128,13,766
exact_match,1pct_e8,57,11,128,4,256
exact_match,1pct_e8,57,12,128,3,347
exact_match,1pct_e8,57,16,128,4,457
exact_match,1pct_e8,57,17,128,7,494
exact_match,1pct_e8,57,20,128,1,177
exact_match,1pct_e8,57,24,128,9,510
exact_match,1pct_e8,57,25,128,4,449
exact_match,1pct_e8,57,27,128,3,356
exact_match,1pct_e8,57,28,128,3,369
exact_match,1pct_e8,57,32,128,10,865
exact_match,1pct_e8,57,39,128,1,208
exact_match,1pct_e8,58,0,128,4,420
exact_match,1pct_e8,58,1,128,5,484
exact_match,1pct_e8,58,2,128,4,228
exact_match,1pct_e8,58,3,128,6,663
exact_match,1pct_e8,58,5,128,4,319
exact_match,1pct_e8,58,6,128,6,453
exact_match,1pct_e8,58,7,128,10,723
exact_match,1pct_e8,58,9,128,7,731
exact_match,1pct_e8,58,10,128,6,633
exact_match,1pct_e8,58,11,128,10,865
exact_match,1pct_e8,58,12,128,9,766
exact_match,1pct_e8,58,13,128,2,390
exact_match,1pct_e8,58,14,128,2,298
exact_match,1pct_e8,58,16,128,2,281
exact_match,1pct_e8,58,34,128,4,293
exact_match,1pct_e8,58,40,128,2,342
exact_match,1pct_e8,58,47,128,1,223
exact_match,1pct_e8,58,49,128,5,363
exact_match,1pct_e8,58,112,128,4,535
exact_match,1pct_e8,59,0,128,3,373
exact_match,1pct_e8,59,2,128,4,377
exact_match,1pct_e8,59,3,128,1,191
exact_match,1pct_e8,59,5,128,3,289
exact_match,1pct_e8,59,7,128,4,585
exact_match,1pct_e8,59,10,128,3,281
exact_match,1pct_e8,59,11,128,3,323
exact_match,1pct_e8,59,13,128,2,328
exact_match,1pct_e8,59,14,128,3,386
exact_match,1pct_e8,59,15,128,6,615
exact_match,1pct_e8,59,18,128,2,308
exact_match,1pct_e8,59,19,128,2,336
exact_match,1pct_e8,59,22,128,4,391
exact_match,1pct_e8,59,23,128,5,381
exact_match,1pct_e8,59,28,128,2,329
exact_match,1pct_e8,59,30,128,7,504
exact_match,1pct_e8,59,51,128,3,388
exact_match,1pct_e8,59,53,128,3,358
exact_match,1pct_e8,59,76,128,1,186
exact_match,1pct_e8,59,128,128,4,461
exact_match,1pct_e8,59,147,128,2,220
exact_match,1pct_e8,60,0,128,4,456
exact_match,1pct_e8,60,1,128,4,447
exact_match,1pct_e8,60,2,128,6,594
exact_match,1pct_e8,60,3,128,5,442
exact_match,1pct_e8,60,4,128,7,553
exact_match,1pct_e8,60,5,128,2,208
exact_match,1pct_e8,60,6,128,18,1294
exact_match,1pct_e8,60,7,128,16,1260
exact_match,1pct_e8,60,9,128,5,353
exact_match,1pct_e8,60,11,128,7,469
exact_match,1pct_e8,60,12,128,5,480
exact_match,1pct_e8,60,14,128,7,490
exact_match,1pct_e8,60,15,128,4,433
exact_match,1pct_e8,60,16,128,6,501
exact_match,1pct_e8,60,29,128,5,588
exact_match,1pct_e8,60,30,128,3,340
exact_match,1pct_e8,60,31,128,4,296
exact_match,1pct_e8,60,79,128,6,489
exact_match,1pct_e8,61,0,128,4,430
exact_match,1pct_e8,61,1,128,1,108
exact_match,1pct_e8,61,2,128,2,189
exact_match,1pct_e8,61,3,128,3,224
exact_match,1pct_e8,61,4,128,5,703
exact_match,1pct_e8,61,6,128,3,233
exact_match,1pct_e8,61,8,128,6,395
exact_match,1pct_e8,61,10,128,6,466
exact_match,1pct_e8,61,11,128,5,439
exact_match,1pct_e8,61,12,128,2,224
exact_match,1pct_e8,61,14,128,2,265
exact_match,1pct_e8,61,16,128,8,637
exact_match,1pct_e8,61,17,128,2,221
exact_match,1pct_e8,61,19,128,1,268
exact_match,1pct_e8,61,21,128,2,142
exact_match,1pct_e8,61,24,128,7,629
exact_match,1pct_e8,61,26,128,6,379
exact_match,1pct_e8,61,28,128,5,346
exact_match,1pct_e8,61,43,128,4,404
exact_match,1pct_e8,61,113,128,1,208
exact_match,1pct_e8,62,0,128,3,382
exact_match,1pct_e8,62,1,128,3,315
exact_match,1pct_e8,62,2,128,3,425
exact_match,1pct_e8,62,3,128,1,296
exact_match,1pct_e8,62,4,128,4,277
exact_match,1pct_e8,62,5,128,3,437
exact_match,1pct_e8,62,11,128,3,348
exact_match,1pct_e8,62,13,128,1,80
exact_match,1pct_e8,62,15,128,3,285
exact_match,1pct_e8,62,17,128,1,83
exact_match,1pct_e8,62,19,128,2,195
exact_match,1pct_e8,62,20,128,7,425
exact_match,1pct_e8,62,26,128,3,372
exact_match,1pct_e8,62,27,128,2,317
exact_match,1pct_e8,62,29,128,8,577
exact_match,1pct_e8,62,32,128,2,315
exact_match,1pct_e8,62,52,128,5,405
exact_match,1pct_e8,62,57,128,4,311
exact_match,1pct_e8,62,64,128,5,350
exact_match,1pct_e8,62,77,128,2,334
exact_match,1pct_e8,62,91,128,9,636
exact_match,1pct_e8,62,194,128,5,293
exact_match,1pct_e8,62,278,128,1,333
exact_match,1pct_e8,63,0,128,2,317
exact_match,1pct_e8,63,1,128,1,316
exact_match,1pct_e8,63,2,128,4,373
exact_match,1pct_e8,63,4,128,5,580
exact_match,1pct_e8,63,5,128,5,508
exact_match,1pct_e8,63,6,128,5,516
exact_match,1pct_e8,63,7,128,5,523
exact_match,1pct_e8,63,9,128,5,628
exact_match,1pct_e8,63,10,128,3,461
exact_match,1pct_e8,63,14,128,2,496
exact_match,1pct_e8,63,15,128,9,920
exact_match,1pct_e8,63,18,128,6,591
exact_match,1pct_e8,63,27,128,1,262
exact_match,1pct_e8,63,29,128,3,438
exact_match,1pct_e8,63,35,128,2,324
exact_match,1pct_e8,63,37,128,1,216
exact_match,1pct_e8,63,42,128,6,565
exact_match,1pct_e8,63,50,128,2,258
exact_match,1pct_e8,63,56,128,2,214
exact_match,1pct_e8,63,59,128,2,285
exact_match,1pct_e8,63,78,128,7,444
exact_match,1pct_e8,64,0,128,13,1108
exact_match,1pct_e8,64,1,128,8,793
exact_match,1pct_e8,64,2,128,3,274
exact_match,1pct_e8,64,3,128,4,498
exact_match,1pct_e8,64,4,128,3,234
exact_match,1pct_e8,64,5,128,8,662
exact_match,1pct_e8,64,6,128,4,373
exact_match,1pct_e8,64,7,128,8,582
exact_match,1pct_e8,64,8,128,9,889
exact_match,1pct_e8,64,11,128,7,621
exact_match,1pct_e8,64,13,128,6,474
exact_match,1pct_e8,64,17,128,1,75
exact_match,1pct_e8,64,23,128,2,251
exact_match,1pct_e8,64,27,128,3,286
exact_match,1pct_e8,64,32,128,3,359
exact_match,1pct_e8,64,58,128,3,291
exact_match,1pct_e8,64,69,128,2,252
exact_match,1pct_e8,65,0,128,3,432
exact_match,1pct_e8,65,1,128,3,284
exact_match,1pct_e8,65,2,128,3,214
exact_match,1pct_e8,65,3,128,5,372
exact_match,1pct_e8,65,4,128,3,394
exact_match,1pct_e8,65,5,128,1,186
exact_match,1pct_e8,65,6,128,3,240
exact_match,1pct_e8,65,7,128,5,381
exact_match,1pct_e8,65,9,128,4,328
exact_match,1pct_e8,65,10,128,2,188
exact_match,1pct_e8,65,12,128,2,127
exact_match,1pct_e8,65,13,128,5,372
exact_match,1pct_e8,65,14,128,2,352
exact_match,1pct_e8,65,16,128,3,239
exact_match,1pct_e8,65,17,128,5,646
exact_match,1pct_e8,65,28,128,4,438
exact_match,1pct_e8,65,35,128,2,164
exact_match,1pct_e8,65,40,128,1,289
exact_match,1pct_e8,65,65,128,3,155
exact_match,1pct_e8,66,0,128,1,383
exact_match,1pct_e8,66,1,128,4,354
exact_match,1pct_e8,66,2,128,3,418
exact_match,1pct_e8,66,3,128,2,109
exact_match,1pct_e8,66,4,128,5,408
exact_match,1pct_e8,66,5,128,4,379
exact_match,1pct_e8,66,6,128,7,449
exact_match,1pct_e8,66,9,128,2,165
exact_match,1pct_e8,66,12,128,3,199
exact_match,1pct_e8,66,13,128,3,203
exact_match,1pct_e8,66,14,128,3,221
exact_match,1pct_e8,66,18,128,12,835
exact_match,1pct_e8,66,19,128,1,217
exact_match,1pct_e8,66,20,128,13,747
exact_match,1pct_e8,66,43,128,7,428
exact_match,1pct_e8,66,91,128,3,340
exact_match,1pct_e8,67,0,128,4,362
exact_match,1pct_e8,67,1,128,2,198
exact_match,1pct_e8,67,2,128,3,333
exact_match,1pct_e8,67,3,128,2,396
exact_match,1pct_e8,67,6,128,4,380
exact_match,1pct_e8,67,7,128,2,137
exact_match,1pct_e8,67,8,128,7,670
exact_match,1pct_e8,67,9,128,7,743
exact_match,1pct_e8,67,11,128,2,357
exact_match,1pct_e8,67,12,128,2,382
exact_match,1pct_e8,67,14,128,3,208
exact_match,1pct_e8,67,17,128,6,515
exact_match,1pct_e8,67,18,128,1,309
exact_match,1pct_e8,67,19,128,6,550
exact_match,1pct_e8,67,22,128,7,487
exact_match,1pct_e8,67,28,128,3,349
exact_match,1pct_e8,67,29,128,4,314
exact_match,1pct_e8,67,31,128,6,536
exact_match,1pct_e8,67,78,128,1,183
exact_match,1pct_e8,67,92,128,6,511
exact_match,1pct_e8,67,190,128,5,534
exact_match,1pct_e8,68,0,128,3,351
exact_match,1pct_e8,68,1,128,3,233
exact_match,1pct_e8,68,2,128,3,240
exact_match,1pct_e8,68,3,128,2,217
exact_match,1pct_e8,68,5,128,8,699
exact_match,1pct_e8,68,6,128,2,201
exact_match,1pct_e8,68,8,128,7,485
exact_match,1pct_e8,68,10,128,4,336
exact_match,1pct_e8,68,13,128,3,389
exact_match,1pct_e8,68,16,128,10,750
exact_match,1pct_e8,68,17,128,2,335
exact_match,1pct_e8,68,19,128,4,459
exact_match,1pct_e8,68,21,128,2,130
exact_match,1pct_e8,68,22,128,3,205
exact_match,1pct_e8,68,24,128,1,187
exact_match,1pct_e8,68,32,128,2,202
exact_match,1pct_e8,68,33,128,3,305
exact_match,1pct_e8,68,35,128,4,351
exact_match,1pct_e8,68,97,128,5,593
exact_match,1pct_e8,69,0,128,4,406
exact_match,1pct_e8,69,2,128,6,420
exact_match,1pct_e8,69,3,128,4,355
exact_match,1pct_e8,69,4,128,4,303
exact_match,1pct_e8,69,5,128,9,533
exact_match,1pct_e8,69,6,128,1,301
exact_match,1pct_e8,69,7,128,11,781
exact_match,1pct_e8,69,8,128,9,573
exact_match,1pct_e8,69,9,128,2,271
exact_match,1pct_e8,69,10,128,3,370
exact_match,1pct_e8,69,11,128,1,284
exact_match,1pct_e8,69,15,128,6,328
exact_match,1pct_e8,69,16,128,2,374
exact_match,1pct_e8,69,19,128,4,412
exact_match,1pct_e8,69,31,128,5,379
exact_match,1pct_e8,69,33,128,3,204
exact_match,1pct_e8,70,0,128,2,257
exact_match,1pct_e8,70,1,128,3,303
exact_match,1pct_e8,70,2,128,10,757
exact_match,1pct_e8,70,4,128,2,235
exact_match,1pct_e8,70,8,128,2,185
exact_match,1pct_e8,70,12,128,6,536
exact_match,1pct_e8,70,13,128,2,229
exact_match,1pct_e8,70,14,128,5,502
exact_match,1pct_e8,70,19,128,3,214
exact_match,1pct_e8,70,27,128,5,483
exact_match,1pct_e8,70,31,128,3,253
exact_match,1pct_e8,70,32,128,3,214
exact_match,1pct_e8,70,47,128,2,336
exact_match,1pct_e8,70,56,128,5,388
exact_match,1pct_e8,70,60,128,1,155
exact_match,1pct_e8,70,74,128,6,514
exact_match,1pct_e8,70,81,128,2,274
exact_match,1pct_e8,70,93,128,3,294
exact_match,1pct_e8,70,128,128,7,647
exact_match,1pct_e8,70,141,128,8,699
exact_match,1pct_e8,70,154,128,3,391
exact_match,1pct_e8,70,176,128,1,356
exact_match,1pct_e8,71,0,128,5,443
exact_match,1pct_e8,71,1,128,4,268
exact_match,1pct_e8,71,2,128,5,500
exact_match,1pct_e8,71,3,128,7,730
exact_match,1pct_e8,71,4,128,7,476
exact_match,1pct_e8,71,5,128,7,454
exact_match,1pct_e8,71,6,128,4,330
exact_match,1pct_e8,71,7,128,5,445
exact_match,1pct_e8,71,9,128,4,367
exact_match,1pct_e8,71,10,128,8,753
exact_match,1pct_e8,71,12,128,4,393
exact_match,1pct_e8,71,14,128,3,303
exact_match,1pct_e8,71,15,128,1,186
exact_match,1pct_e8,71,22,128,4,393
exact_match,1pct_e8,71,23,128,4,484
exact_match,1pct_e8,71,29,128,2,179
exact_match,1pct_e8,71,30,128,2,258
exact_match,1pct_e8,71,36,128,3,340
exact_match,1pct_e8,71,58,128,4,404
exact_match,1pct_e8,71,99,128,7,363
exact_match,1pct_e8,72,0,128,3,332
exact_match,1pct_e8,72,1,128,5,221
exact_match,1pct_e8,72,2,128,5,341
exact_match,1pct_e8,72,3,128,2,135
exact_match,1pct_e8,72,4,128,3,329
exact_match,1pct_e8,72,5,128,2,176
exact_match,1pct_e8,72,6,128,3,210
exact_match,1pct_e8,72,8,128,6,421
exact_match,1pct_e8,72,10,128,3,384
exact_match,1pct_e8,72,13,128,4,205
exact_match,1pct_e8,72,14,128,6,391
exact_match,1pct_e8,72,15,128,6,279
exact_match,1pct_e8,72,19,128,8,590
exact_match,1pct_e8,72,20,128,3,309
exact_match,1pct_e8,72,21,128,7,565
exact_match,1pct_e8,72,24,128,4,432
exact_match,1pct_e8,72,27,128,6,508
exact_match,1pct_e8,72,35,128,3,283
exact_match,1pct_e8,72,36,128,5,321
exact_match,1pct_e8,72,40,128,13,1065
exact_match,1pct_e8,72,60,128,9,678
exact_match,1pct_e8,73,0,128,5,538
exact_match,1pct_e8,73,1,128,4,433
exact_match,1pct_e8,73,2,128,6,511
exact_match,1pct_e8,73,3,128,6,473
exact_match,1pct_e8,73,4,128,3,365
exact_match,1pct_e8,73,6,128,6,550
exact_match,1pct_e8,73,7,128,4,561
exact_match,1pct_e8,73,8,128,7,575
exact_match,1pct_e8,73,9,128,5,450
exact_match,1pct_e8,73,11,128,6,504
exact_match,1pct_e8,73,16,128,5,480
exact_match,1pct_e8,73,18,128,3,176
exact_match,1pct_e8,73,35,128,3,359
exact_match,1pct_e8,73,40,128,2,409
exact_match,1pct_e8,73,63,128,5,499
exact_match,1pct_e8,74,0,128,3,309
exact_match,1pct_e8,74,1,128,2,182
exact_match,1pct_e8,74,4,128,5,221
exact_match,1pct_e8,74,5,128,3,306
exact_match,1pct_e8,74,6,128,7,363
exact_match,1pct_e8,74,7,128,3,149
exact_match,1pct_e8,74,9,128,5,420
exact_match,1pct_e8,74,10,128,4,268
exact_match,1pct_e8,74,11,128,6,228
exact_match,1pct_e8,74,13,128,6,416
exact_match,1pct_e8,74,14,128,5,332
exact_match,1pct_e8,74,17,128,3,318
exact_match,1pct_e8,74,18,128,11,598
exact_match,1pct_e8,74,19,128,7,491
exact_match,1pct_e8,74,28,128,2,132
exact_match,1pct_e8,74,30,128,2,305
exact_match,1pct_e8,74,33,128,7,295
exact_match,1pct_e8,74,34,128,5,324
exact_match,1pct_e8,74,50,128,2,182
exact_match,1pct_e8,74,57,128,6,328
exact_match,1pct_e8,74,70,128,5,272
exact_match,1pct_e8,74,84,128,3,219
exact_match,1pct_e8,74,101,128,7,661
exact_match,1pct_e8,75,0,128,5,622
exact_match,1pct_e8,75,1,128,3,305
exact_match,1pct_e8,75,2,128,4,266
exact_match,1pct_e8,75,3,128,8,445
exact_match,1pct_e8,75,4,128,5,542
exact_match,1pct_e8,75,5,128,3,201
exact_match,1pct_e8,75,6,128,5,376
exact_match,1pct_e8,75,7,128,14,972
exact_match,1pct_e8,75,8,128,5,410
exact_match,1pct_e8,75,9,128,4,404
exact_match,1pct_e8,75,12,128,2,230
exact_match,1pct_e8,75,13,128,12,792
exact_match,1pct_e8,75,16,128,5,334
exact_match,1pct_e8,75,17,128,9,625
exact_match,1pct_e8,75,23,128,5,429
exact_match,1pct_e8,75,37,128,2,221
exact_match,1pct_e8,75,39,128,5,395
exact_match,1pct_e8,75,60,128,7,564
exact_match,1pct_e8,75,62,128,8,534
exact_match,1pct_e8,75,152,128,3,227
exact_match,1pct_e8,76,0,128,4,550
exact_match,1pct_e8,76,1,128,1,306
exact_match,1pct_e8,76,2,128,1,118
exact_match,1pct_e8,76,3,128,2,378
exact_match,1pct_e8,76,4,128,2,296
exact_match,1pct_e8,76,5,128,8,572
exact_match,1pct_e8,76,6,128,4,359
exact_match,1pct_e8,76,7,128,3,377
exact_match,1pct_e8,76,9,128,3,223
exact_match,1pct_e8,76,10,128,3,257
exact_match,1pct_e8,76,12,128,3,348
exact_match,1pct_e8,76,14,128,6,437
exact_match,1pct_e8,76,16,128,8,835
exact_match,1pct_e8,76,22,128,5,387
exact_match,1pct_e8,76,26,128,3,372
exact_match,1pct_e8,76,30,128,4,435
exact_match,1pct_e8,76,34,128,4,338
exact_match,1pct_e8,76,35,128,2,293
exact_match,1pct_e8,76,38,128,3,240
exact_match,1pct_e8,76,44,128,6,696
exact_match,1pct_e8,77,0,128,5,629
exact_match,1pct_e8,77,1,128,2,310
exact_match,1pct_e8,77,2,128,5,332
exact_match,1pct_e8,77,3,128,1,232
exact_match,1pct_e8,77,4,128,2,270
exact_match,1pct_e8,77,5,128,7,462
exact_match,1pct_e8,77,7,128,7,765
exact_match,1pct_e8,77,8,128,3,295
exact_match,1pct_e8,77,9,128,6,496
exact_match,1pct_e8,77,10,128,8,805
exact_match,1pct_e8,77,12,128,4,258
exact_match,1pct_e8,77,14,128,5,447
exact_match,1pct_e8,77,15,128,5,370
exact_match,1pct_e8,77,18,128,7,436
exact_match,1pct_e8,77,19,128,4,338
exact_match,1pct_e8,77,25,128,4,444
exact_match,1pct_e8,77,31,128,9,534
exact_match,1pct_e8,77,47,128,6,465
exact_match,1pct_e8,77,53,128,6,445
exact_match,1pct_e8,77,77,128,5,370
exact_match,1pct_e8,78,0,128,5,425
exact_match,1pct_e8,78,1,128,7,476
exact_match,1pct_e8,78,2,128,4,276
exact_match,1pct_e8,78,4,128,6,516
exact_match,1pct_e8,78,5,128,2,164
exact_match,1pct_e8,78,6,128,4,360
exact_match,1pct_e8,78,7,128,4,336
exact_match,1pct_e8,78,8,128,2,338
exact_match,1pct_e8,78,9,128,1,196
exact_match,1pct_e8,78,10,128,4,253
exact_match,1pct_e8,78,11,128,5,297
exact_match,1pct_e8,78,12,128,5,438
exact_match,1pct_e8,78,13,128,1,85
exact_match,1pct_e8,78,15,128,2,202
exact_match,1pct_e8,78,18,128,4,395
exact_match,1pct_e8,78,20,128,5,264
exact_match,1pct_e8,78,30,128,7,343
exact_match,1pct_e8,78,33,128,5,399
exact_match,1pct_e8,78,44,128,7,525
exact_match,1pct_e8,78,47,128,4,235
exact_match,1pct_e8,78,63,128,4,383
exact_match,1pct_e8,79,0,128,5,431
exact_match,1pct_e8,79,1,128,8,754
exact_match,1pct_e8,79,2,128,7,797
exact_match,1pct_e8,79,3,128,3,382
exact_match,1pct_e8,79,4,128,2,271
exact_match,1pct_e8,79,7,128,7,632
exact_match,1pct_e8,79,8,128,6,508
exact_match,1pct_e8,79,9,128,3,307
exact_match,1pct_e8,79,11,128,3,321
exact_match,1pct_e8,79,12,128,2,352
exact_match,1pct_e8,79,28,128,3,243
exact_match,1pct_e8,79,31,128,2,226
exact_match,1pct_e8,79,40,128,2,286
exact_match,1pct_e8,79,44,128,4,467
exact_match,1pct_e8,79,47,128,3,265
exact_match,1pct_e8,79,49,128,4,366
exact_match,1pct_e8,79,58,128,5,375
exact_match,1pct_e8,79,65,128,2,188
exact_match,1pct_e8,80,0,128,3,351
exact_match,1pct_e8,80,1,128,4,414
exact_match,1pct_e8,80,2,128,4,449
exact_match,1pct_e8,80,3,128,4,429
exact_match,1pct_e8,80,4,128,6,681
exact_match,1pct_e8,80,5,128,8,498
exact_match,1pct_e8,80,8,128,8,616
exact_match,1pct_e8,80,9,128,3,220
exact_match,1pct_e8,80,11,128,2,222
exact_match,1pct_e8,80,12,128,6,459
exact_match,1pct_e8,80,13,128,6,443
exact_match,1pct_e8,80,15,128,9,1038
exact_match,1pct_e8,80,16,128,5,447
exact_match,1pct_e8,80,23,128,2,336
exact_match,1pct_e8,80,56,128,3,292
exact_match,1pct_e8,80,59,128,2,279
exact_match,1pct_e8,81,0,128,7,474
exact_match,1pct_e8,81,1,128,4,266
exact_match,1pct_e8,81,2,128,12,895
exact_match,1pct_e8,81,5,128,8,669
exact_match,1pct_e8,81,7,128,14,849
exact_match,1pct_e8,81,8,128,3,238
exact_match,1pct_e8,81,9,128,9,675
exact_match,1pct_e8,81,12,128,16,1031
exact_match,1pct_e8,81,13,128,10,676
exact_match,1pct_e8,81,15,128,5,375
exact_match,1pct_e8,81,18,128,12,746
exact_match,1pct_e8,81,33,128,5,381
exact_match,1pct_e8,81,52,128,2,210
exact_match,1pct_e8,81,56,128,5,332
exact_match,1pct_e8,82,0,128,4,387
exact_match,1pct_e8,82,1,128,6,570
exact_match,1pct_e8,82,2,128,4,458
exact_match,1pct_e8,82,3,128,5,519
exact_match,1pct_e8,82,4,128,6,788
exact_match,1pct_e8,82,9,128,7,793
exact_match,1pct_e8,82,10,128,6,503
exact_match,1pct_e8,82,13,128,4,345
exact_match,1pct_e8,82,17,128,6,566
exact_match,1pct_e8,82,18,128,6,576
exact_match,1pct_e8,82,19,128,4,456
exact_match,1pct_e8,82,20,128,5,445
exact_match,1pct_e8,82,21,128,8,714
exact_match,1pct_e8,82,22,128,3,313
exact_match,1pct_e8,82,23,128,6,587
exact_match,1pct_e8,82,44,128,3,370
exact_match,1pct_e8,82,58,128,7,805
exact_match,1pct_e8,82,82,128,8,869
exact_match,1pct_e8,83,0,128,2,228
exact_match,1pct_e8,83,1,128,2,197
exact_match,1pct_e8,83,2,128,9,443
exact_match,1pct_e8,83,3,128,6,292
exact_match,1pct_e8,83,4,128,6,334
exact_match,1pct_e8,83,5,128,3,173
exact_match,1pct_e8,83,6,128,9,598
exact_match,1pct_e8,83,7,128,6,422
exact_match,1pct_e8,83,8,128,3,204
exact_match,1pct_e8,83,9,128,4,222
exact_match,1pct_e8,83,11,128,5,274
exact_match,1pct_e8,83,15,128,4,243
exact_match,1pct_e8,83,20,128,2,189
exact_match,1pct_e8,83,27,128,4,225
exact_match,1pct_e8,83,32,128,9,652
exact_match,1pct_e8,83,41,128,4,232
exact_match,1pct_e8,83,82,128,5,337
exact_match,1pct_e8,83,89,128,7,377
exact_match,1pct_e8,84,0,128,2,279
exact_match,1pct_e8,84,1,128,5,305
exact_match,1pct_e8,84,3,128,7,501
exact_match,1pct_e8,84,4,128,5,350
exact_match,1pct_e8,84,6,128,7,660
exact_match,1pct_e8,84,7,128,1,121
exact_match,1pct_e8,84,8,128,3,213
exact_match,1pct_e8,84,9,128,6,281
exact_match,1pct_e8,84,11,128,9,515
exact_match,1pct_e8,84,12,128,6,326
exact_match,1pct_e8,84,14,128,5,283
exact_match,1pct_e8,84,15,128,3,172
exact_match,1pct_e8,84,19,128,9,390
exact_match,1pct_e8,84,20,128,4,210
exact_match,1pct_e8,84,24,128,5,503
exact_match,1pct_e8,84,34,128,4,253
exact_match,1pct_e8,84,41,128,5,289
exact_match,1pct_e8,84,76,128,3,272
exact_match,1pct_e8,85,0,128,4,497
exact_match,1pct_e8,85,1,128,2,270
exact_match,1pct_e8,85,2,128,4,268
exact_match,1pct_e8,85,3,128,5,462
exact_match,1pct_e8,85,4,128,4,246
exact_match,1pct_e8,85,5,128,2,134
exact_match,1pct_e8,85,8,128,5,409
exact_match,1pct_e8,85,9,128,5,340
exact_match,1pct_e8,85,10,128,4,228
exact_match,1pct_e8,85,13,128,1,350
exact_match,1pct_e8,85,14,128,4,250
exact_match,1pct_e8,85,15,128,9,708
exact_match,1pct_e8,85,19,128,3,330
exact_match,1pct_e8,85,32,128,4,312
exact_match,1pct_e8,85,50,128,2,368
exact_match,1pct_e8,85,63,128,5,359
exact_match,1pct_e8,85,97,128,4,255
exact_match,1pct_e8,86,0,128,2,311
exact_match,1pct_e8,86,1,128,2,366
exact_match,1pct_e8,86,2,128,3,416
exact_match,1pct_e8,86,3,128,2,313
exact_match,1pct_e8,86,4,128,7,826
exact_match,1pct_e8,86,5,128,5,519
exact_match,1pct_e8,86,7,128,4,359
exact_match,1pct_e8,86,8,128,5,427
exact_match,1pct_e8,86,9,128,3,388
exact_match,1pct_e8,86,10,128,2,239
exact_match,1pct_e8,86,11,128,7,605
exact_match,1pct_e8,86,12,128,3,329
exact_match,1pct_e8,86,15,128,3,359
exact_match,1pct_e8,86,17,128,5,461
exact_match,1pct_e8,86,22,128,6,534
exact_match,1pct_e8,86,39,128,6,613
exact_match,1pct_e8,86,55,128,4,173
exact_match,1pct_e8,86,61,128,6,540
exact_match,1pct_e8,86,102,128,1,228
exact_match,1pct_e8,86,112,128,3,322
exact_match,1pct_e8,86,160,128,1,241
exact_match,1pct_e8,87,0,128,3,296
exact_match,1pct_e8,87,1,128,3,259
exact_match,1pct_e8,87,2,128,3,259
exact_match,1pct_e8,87,3,128,2,197
exact_match,1pct_e8,87,4,128,9,731
exact_match,1pct_e8,87,6,128,10,813
exact_match,1pct_e8,87,8,128,3,166
exact_match,1pct_e8,87,11,128,6,549
exact_match,1pct_e8,87,12,128,3,263
exact_match,1pct_e8,87,16,128,2,273
exact_match,1pct_e8,87,19,128,17,724
exact_match,1pct_e8,87,29,128,8,539
exact_match,1pct_e8,87,31,128,1,253
exact_match,1pct_e8,87,41,128,18,972
exact_match,1pct_e8,87,42,128,5,474
exact_match,1pct_e8,87,50,128,3,322
exact_match,1pct_e8,87,74,128,5,344
exact_match,1pct_e8,87,115,128,2,244
exact_match,1pct_e8,87,291,128,3,307
exact_match,1pct_e8,88,0,128,4,344
exact_match,1pct_e8,88,1,128,5,464
exact_match,1pct_e8,88,2,128,3,282
exact_match,1pct_e8,88,3,128,4,289
exact_match,1pct_e8,88,4,128,7,528
exact_match,1pct_e8,88,6,128,6,414
exact_match,1pct_e8,88,8,128,3,304
exact_match,1pct_e8,88,9,128,6,440
exact_match,1pct_e8,88,10,128,3,247
exact_match,1pct_e8,88,12,128,2,170
exact_match,1pct_e8,88,14,128,4,303
exact_match,1pct_e8,88,15,128,4,464
exact_match,1pct_e8,88,16,128,3,213
exact_match,1pct_e8,88,17,128,3,351
exact_match,1pct_e8,88,18,128,1,204
exact_match,1pct_e8,88,20,128,6,358
exact_match,1pct_e8,88,22,128,2,284
exact_match,1pct_e8,88,36,128,7,633
exact_match,1pct_e8,88,58,128,4,250
exact_match,1pct_e8,88,79,128,2,211
exact_match,1pct_e8,89,0,128,4,487
exact_match,1pct_e8,89,1,128,1,156
exact_match,1pct_e8,89,2,128,3,195
exact_match,1pct_e8,89,3,128,6,542
exact_match,1pct_e8,89,4,128,2,199
exact_match,1pct_e8,89,6,128,1,212
exact_match,1pct_e8,89,7,128,3,286
exact_match,1pct_e8,89,8,128,3,393
exact_match,1pct_e8,89,10,128,4,282
exact_match,1pct_e8,89,12,128,4,349
exact_match,1pct_e8,89,13,128,4,282
exact_match,1pct_e8,89,14,128,4,395
exact_match,1pct_e8,89,17,128,2,288
exact_match,1pct_e8,89,18,128,3,268
exact_match,1pct_e8,89,23,128,6,397
exact_match,1pct_e8,89,37,128,1,371
exact_match,1pct_e8,89,39,128,6,524
exact_match,1pct_e8,89,71,128,2,535
exact_match,1pct_e8,89,147,128,3,351
exact_match,1pct_e8,90,0,128,3,430
exact_match,1pct_e8,90,1,128,4,212
exact_match,1pct_e8,90,2,128,3,221
exact_match,1pct_e8,90,7,128,1,79
exact_match,1pct_e8,90,8,128,2,188
exact_match,1pct_e8,90,15,128,2,190
exact_match,1pct_e8,90,16,128,2,130
exact_match,1pct_e8,90,17,128,4,228
exact_match,1pct_e8,90,20,128,3,273
exact_match,1pct_e8,90,22,128,2,223
exact_match,1pct_e8,90,23,128,4,300
exact_match,1pct_e8,90,26,128,3,175
exact_match,1pct_e8,90,27,128,4,414
exact_match,1pct_e8,90,29,128,4,335
exact_match,1pct_e8,90,32,128,6,483
exact_match,1pct_e8,90,46,128,3,351
exact_match,1pct_e8,90,47,128,1,326
exact_match,1pct_e8,90,50,128,3,339
exact_match,1pct_e8,90,65,128,2,216
exact_match,1pct_e8,90,75,128,5,369
exact_match,1pct_e8,90,78,128,6,320
exact_match,1pct_e8,90,83,128,2,267
exact_match,1pct_e8,90,109,128,2,228
exact_match,1pct_e8,90,114,128,1,212
exact_match,1pct_e8,90,142,128,2,360
exact_match,1pct_e8,90,214,128,3,262
exact_match,1pct_e8,91,0,128,3,378
exact_match,1pct_e8,91,1,128,6,729
exact_match,1pct_e8,91,3,128,8,857
exact_match,1pct_e8,91,5,128,12,1107
exact_match,1pct_e8,91,6,128,3,479
exact_match,1pct_e8,91,7,128,6,426
exact_match,1pct_e8,91,8,128,6,586
exact_match,1pct_e8,91,9,128,6,360
exact_match,1pct_e8,91,10,128,4,343
exact_match,1pct_e8,91,12,128,4,396
exact_match,1pct_e8,91,13,128,2,230
exact_match,1pct_e8,91,18,128,2,274
exact_match,1pct_e8,91,22,128,4,375
exact_match,1pct_e8,91,43,128,3,383
exact_match,1pct_e8,91,59,128,6,292
exact_match,1pct_e8,92,0,128,3,378
exact_match,1pct_e8,92,1,128,4,237
exact_match,1pct_e8,92,2,128,8,580
exact_match,1pct_e8,92,3,128,5,433
exact_match,1pct_e8,92,4,128,2,307
exact_match,1pct_e8,92,5,128,3,252
exact_match,1pct_e8,92,6,128,3,243
exact_match,1pct_e8,92,7,128,8,639
exact_match,1pct_e8,92,9,128,4,322
exact_match,1pct_e8,92,16,128,3,392
exact_match,1pct_e8,92,21,128,7,571
exact_match,1pct_e8,92,25,128,11,660
exact_match,1pct_e8,92,36,128,6,400
exact_match,1pct_e8,92,48,128,3,194
exact_match,1pct_e8,92,49,128,4,217
exact_match,1pct_e8,92,69,128,7,481
exact_match,1pct_e8,93,0,128,6,543
exact_match,1pct_e8,93,1,128,2,336
exact_match,1pct_e8,93,2,128,2,341
exact_match,1pct_e8,93,4,128,2,252
exact_match,1pct_e8,93,6,128,4,411
exact_match,1pct_e8,93,8,128,4,425
exact_match,1pct_e8,93,10,128,9,811
exact_match,1pct_e8,93,11,128,6,587
exact_match,1pct_e8,93,12,128,2,355
exact_match,1pct_e8,93,16,128,3,396
exact_match,1pct_e8,93,19,128,1,300
exact_match,1pct_e8,93,20,128,2,184
exact_match,1pct_e8,93,28,128,7,771
exact_match,1pct_e8,93,35,128,2,198
exact_match,1pct_e8,93,38,128,8,587
exact_match,1pct_e8,93,61,128,1,277
exact_match,1pct_e8,93,70,128,1,159
exact_match,1pct_e8,93,104,128,6,458
exact_match,1pct_e8,94,0,128,3,473
exact_match,1pct_e8,94,1,128,2,118
exact_match,1pct_e8,94,2,128,2,323
exact_match,1pct_e8,94,4,128,2,266
exact_match,1pct_e8,94,5,128,1,176
exact_match,1pct_e8,94,6,128,2,279
exact_match,1pct_e8,94,9,128,3,205
exact_match,1pct_e8,94,10,128,3,220
exact_match,1pct_e8,94,11,128,2,229
exact_match,1pct_e8,94,13,128,3,206
exact_match,1pct_e8,94,14,128,1,211
exact_match,1pct_e8,94,15,128,1,304
exact_match,1pct_e8,94,17,128,5,476
exact_match,1pct_e8,94,21,128,3,333
exact_match,1pct_e8,94,25,128,3,269
exact_match,1pct_e8,94,27,128,7,513
exact_match,1pct_e8,94,29,128,6,494
exact_match,1pct_e8,94,32,128,2,182
exact_match,1pct_e8,94,33,128,7,500
exact_match,1pct_e8,94,34,128,2,287
exact_match,1pct_e8,94,36,128,8,521
exact_match,1pct_e8,94,48,128,4,344
exact_match,1pct_e8,94,58,128,3,334
exact_match,1pct_e8,94,76,128,2,183
exact_match,1pct_e8,94,92,128,10,513
exact_match,1pct_e8,95,0,128,2,343
exact_match,1pct_e8,95,1,128,7,623
exact_match,1pct_e8,95,2,128,19,1817
exact_match,1pct_e8,95,4,128,5,502
exact_match,1pct_e8,95,5,128,2,331
exact_match,1pct_e8,95,7,128,8,927
exact_match,1pct_e8,95,8,128,4,539
exact_match,1pct_e8,95,10,128,7,437
exact_match,1pct_e8,95,11,128,5,525
exact_match,1pct_e8,95,13,128,7,360
exact_match,1pct_e8,95,14,128,7,494
exact_match,1pct_e8,95,15,128,4,445
exact_match,1pct_e8,95,16,128,8,870
exact_match,1pct_e8,95,25,128,4,505
exact_match,1pct_e8,95,29,128,6,423
exact_match,1pct_e8,96,0,128,3,442
exact_match,1pct_e8,96,1,128,4,325
exact_match,1pct_e8,96,2,128,8,522
exact_match,1pct_e8,96,3,128,3,396
exact_match,1pct_e8,96,4,128,2,191
exact_match,1pct_e8,96,5,128,6,400
exact_match,1pct_e8,96,6,128,2,305
exact_match,1pct_e8,96,10,128,4,364
exact_match,1pct_e8,96,12,128,7,424
exact_match,1pct_e8,96,15,128,1,161
exact_match,1pct_e8,96,16,128,6,350
exact_match,1pct_e8,96,17,128,4,335
exact_match,1pct_e8,96,18,128,10,442
exact_match,1pct_e8,96,19,128,8,525
exact_match,1pct_e8,96,22,128,5,429
exact_match,1pct_e8,96,29,128,5,282
exact_match,1pct_e8,96,30,128,7,358
exact_match,1pct_e8,96,33,128,6,363
exact_match,1pct_e8,96,39,128,3,271
exact_match,1pct_e8,96,49,128,9,626
exact_match,1pct_e8,97,0,128,8,569
exact_match,1pct_e8,97,1,128,4,297
exact_match,1pct_e8,97,2,128,2,181
exact_match,1pct_e8,97,4,128,3,157
exact_match,1pct_e8,97,5,128,5,282
exact_match,1pct_e8,97,6,128,8,488
exact_match,1pct_e8,97,7,128,6,459
exact_match,1pct_e8,97,8,128,2,160
exact_match,1pct_e8,97,11,128,3,189
exact_match,1pct_e8,97,12,128,5,291
exact_match,1pct_e8,97,13,128,1,186
exact_match,1pct_e8,97,15,128,3,308
exact_match,1pct_e8,97,19,128,3,203
exact_match,1pct_e8,97,21,128,6,533
exact_match,1pct_e8,97,27,128,4,346
exact_match,1pct_e8,97,31,128,17,881
exact_match,1pct_e8,97,52,128,2,135
exact_match,1pct_e8,97,58,128,5,375
exact_match,1pct_e8,97,71,128,2,279
exact_match,1pct_e8,97,161,128,3,406
exact_match,1pct_e8,98,0,128,4,457
exact_match,1pct_e8,98,1,128,1,149
exact_match,1pct_e8,98,2,128,4,483
exact_match,1pct_e8,98,3,128,2,192
exact_match,1pct_e8,98,5,128,2,168
exact_match,1pct_e8,98,6,128,5,539
exact_match,1pct_e8,98,11,128,2,374
exact_match,1pct_e8,98,13,128,3,381
exact_match,1pct_e8,98,14,128,2,286
exact_match,1pct_e8,98,19,128,1,125
exact_match,1pct_e8,98,23,128,2,286
exact_match,1pct_e8,98,24,128,5,424
exact_match,1pct_e8,98,25,128,2,259
exact_match,1pct_e8,98,30,128,1,186
exact_match,1pct_e8,98,38,128,4,377
exact_match,1pct_e8,98,45,128,1,253
exact_match,1pct_e8,98,50,128,1,177
exact_match,1pct_e8,98,56,128,1,196
exact_match,1pct_e8,98,67,128,5,374
exact_match,1pct_e8,98,78,128,1,110
exact_match,1pct_e8,98,83,128,5,648
exact_match,1pct_e8,98,86,128,3,206
exact_match,1pct_e8,98,92,128,1,185
exact_match,1pct_e8,98,93,128,3,338
exact_match,1pct_e8,98,141,128,3,321
exact_match,1pct_e8,98,178,128,2,298
exact_match,1pct_e8,99,0,128,3,393
exact_match,1pct_e8,99,1,128,2,224
exact_match,1pct_e8,99,2,128,4,196
exact_match,1pct_e8,99,3,128,3,238
exact_match,1pct_e8,99,4,128,4,421
exact_match,1pct_e8,99,5,128,2,248
exact_match,1pct_e8,99,7,128,6,386
exact_match,1pct_e8,99,8,128,5,357
exact_match,1pct_e8,99,10,128,10,805
exact_match,1pct_e8,99,11,128,1,319
exact_match,1pct_e8,99,13,128,7,335
exact_match,1pct_e8,99,14,128,6,461
exact_match,1pct_e8,99,15,128,8,735
exact_match,1pct_e8,99,19,128,7,491
exact_match,1pct_e8,99,23,128,4,325
exact_match,1pct_e8,99,27,128,9,630
exact_match,1pct_e8,99,31,128,4,336
exact_match,1pct_e8,99,45,128,5,403
exact_match,1pct_e8,99,67,128,6,505
